105,100020,2024-02-26,5호다대,현금,30000,,
110,100037,2024-03-02,매직셋팅C컬20호 아들컷,카드,120000,,
111,100038,2024-03-02,학생매직,카드,70000,,
112,100039,2024-03-02,학생매직,카드,80000,,
113,100040,2024-03-02,남자염색SB7,카드,30000,,
114,100031,2024-02-24,파마,카드,30000,아들,
115,100041,2024-02-24,염색,송금,30000,,
116,100042,2024-03-05,매직(기장추가),카드,100000,,
117,100030,2024-02-25,뿌염8BG1.1,현금,30000,,
118,100044,2024-02-24,매직,현금,70000,딸,
119,100045,2024-03-06,언니펌11호(핑크).남자컷,현금,40000,,
121,100047,2024-03-06,컷,현금,10000,,
122,100048,2024-03-01,"뿌염BO6,BR6",현금,30000,,
123,100048,2024-03-06,뿌염BO6.BR6 1.1,현금,30000,,
124,100049,2024-03-07,"BK6.B6 2,1.1",현금,50000,,
125,100050,2024-03-08,"뿌염B5,B6,CR7",현금,30000,,
126,100051,2024-02-17,"뿌염B5,B6",현금,30000,,
127,100052,2024-02-15,아이롱셋팅18.16,현금,100000,,
128,100054,2024-03-08,염색BG8.BG6 3.1,카드,40000,,
130,100055,2024-03-08,뿌염B5.BR5 3.3,송금,30000,,
133,100056,2024-03-09,뿌염B4,카드,30000,,
134,100057,2024-03-09,딸매직세팅 20호,카드,150000,,
135,100052,2024-03-10,"염색BG5, B5",현금,30000,,
136,100058,2024-03-11,"앞1호,2~4",현금,30000,,
137,100059,2024-03-11,"BG8,B6",현금,40000,딸,
139,100061,2024-03-14,미니.핑크,현금,30000,,
140,100059,2024-03-15,크리닉,송금,30000,딸,
141,100062,2024-03-15,"뿌염B5,BG5",카드,30000,,
142,100063,2004-03-16,"뿌염BR8, Bo6",송금,30000,,
143,100064,2024-03-16,파마 9호,현금,30000,,
144,100065,2024-03-16,"뿌염B5,B6",송금,30000,,
145,100067,2024-03-19,일반펌 5호다대,현금,40000,,
146,100068,2024-03-20,"뿌염BO6,BR6",카드,30000,,
147,100069,2024-03-21,"펌,2~4 앞1",현금,30000,,
148,100070,2024-03-23,"8,9믹스 앞 2,3호.추가만원 딸컷",카드,50000,,
149,100070,2024-03-23,엄마 9호,카드,30000,,
151,100071,2024-03-24,뿌염B5,현금,30000,,
152,100048,2024-03-26,"전체염색G9,BR 2,1",현금,50000,,
153,100072,2024-03-27,일반펌6호 앞1호,현금,30000,아구찜홀,
154,100073,2024-03-27,"뿌리RR7,조정R,G9 30+15+10 기염RR7,조정R,BR5. 40+20+15",카드,50000,,
156,100074,2024-03-27,"뿌염BG5,BG61,1",카드,30000,,
157,100075,2024-03-28,6호,현금,30000,,
158,100076,2024-03-28,6호,카드,30000,,
159,100077,2024-03-28,BO6+BR6,현금,30000,지훈엄마,
160,100078,2024-03-28,SB5+B1,현금,30000,도경엄마,
161,100079,2024-03-28,볼륨셋팅18~22호,카드,80000,,
164,100057,2024-03-29,"엄마일반펌7,8호",현금,30000,,
165,100080,2024-03-29,뿌리매직,송금,70000,,
167,100081,2024-03-29,염색7CB,현금,20000,,
168,100059,2024-03-29,크리닉,송금,30000,딸,
169,100059,2024-03-29,염색B5,송금,30000,엄마,
170,100082,2024-03-30,"볼륨매직 ",송금,80000,딸앞머리펌추가,
171,100083,2024-03-30,셋팅16~20,송금,70000,건우엄마,
172,100084,2024-03-30,"전체염색B6,B5,2:1",카드,40000,,
173,100051,2024-04-01,"뿌염B5,B6",카드,30000,,
174,100053,2024-04-02,컷,송금,9000,,
175,100085,2024-04-02,"볼륨C컬18,20호",카드,90000,,
176,100062,2024-04-02,"뿌염B5,BG5",송금,30000,,
177,100086,2024-04-03,"일반펌 3,4,5호",송금,30000,세차친구,
179,100086,2024-03-02,염색B5,현금,30000,세차친구,
180,100020,2024-04-04,뿌염SB6(스피드),송금,30000,,
181,100087,2024-04-06,"전체염색BO6,B6",현금,30000,,
184,100089,2024-04-08,"염색B5,CR4",송금,30000,김밥천국,
185,100062,2024-04-10,"남편SB6(스피드),컷",카드,30000,,
186,100052,2024-04-10,BG5.B5,현금,30000,,
187,100055,2024-04-10,"뿌염B5,BR5",현금,30000,왕눈이언니,
188,100090,2024-04-10,매직(곱슬추가),카드,100000,소개,
189,100091,2024-04-11,펌4호다대,카드,40000,,
190,100048,2024-04-11,"뿌염BO8,BR8",현금,30000,,
191,100092,2024-04-11,"일반펌8,9,호",현금,30000,베르떄손님,
192,100093,2024-04-11,"남편펌9,10호",송금,30000,언니번호,
193,100094,2024-04-13,뿌염G7,현금,30000,,
194,100095,2024-04-13,"셋팅18,16호",카드,70000,샴퓨구입3만,
195,100080,2024-04-13,뿌염G7,현금,30000,,
196,100096,2024-04-13,"전체염색B5,CR4",송금,30000,,
197,100082,2024-04-13,큰딸컷,현금,10000,,
198,100097,2024-04-14,볼륨매직(A),현금,70000,,
199,100098,2024-04-14,볼륨매직,카드,70000,5단지언니,
200,100050,2024-04-15,"뿌염B5,B6,CR7",현금,30000,옷가게언니,
201,100061,2024-04-17,컷,현금,10000,토마토차,
202,100099,2024-04-18,일반펌9호,현금,30000,아구찜사장,
203,100100,2024-04-18,뿌염B5(레드빛원하심),현금,30000,시카크림판매,
204,100062,2024-04-18,뿌염B5,송금,30000,,
205,100101,2024-04-19,"뿌염B5,CR4",카드,30000,,
208,100105,2024-04-20,딸컷,송금,10000,,
209,100104,2024-04-20,"컷,남친다운펌",카드,40000,예비부부,
210,100051,2024-04-22,"뿌염B5,CR4",카드,30000,,
211,100068,2024-04-24,"뿌염BO6,BR6",카드,30000,,
212,100106,2024-04-25,"염색CR7,BG6",카드,30000,남편,
213,100082,2024-04-25,"뿌염CR7,B6",카드,30000,엄마,
214,100107,2024-04-25,펌 파랑색,카드,30000,명가부동산,
215,100056,2024-04-25,뿌염B5,카드,30000,어깨에  닻지안고 살짝레어어컷 좋아함,
216,100063,2024-04-27,B6,송금,30000,,
217,100108,2024-04-27,6.7호,카드,30000,,
218,100061,2024-05-01,컷,현금,10000,,
219,100031,2024-05-02,"셋팅펌 16,18호",카드,70000,"A,B(2:1)",
220,100073,2024-05-02,"전체염색BR8,R",카드,50000,바이올렛칼라추가,
222,100109,2024-05-03,염색SB5,송금,20000,,
223,100048,2024-05-03,"뿌염BO8,BR8",현금,30000,,
224,100053,2024-05-04,"펌6,7,8호(다운펌)",카드,40000,,
226,100110,2024-05-09,펌 6호다대,현금,30000,,
227,100049,2024-05-09,매직,송금,70000,,
228,100078,2024-05-10,크리닉,현금,30000,도경엄마,
229,100059,2024-05-04,"뿌염B5,B6",카드,30000,딸,
230,100059,2024-05-10,"딸전체염색BG8,BR8엄마펌(그린)",송금,70000,,
231,100040,2024-05-11,"염색SB5(스피드)   ",카드,30000,,
232,100081,2024-05-11,펌 5호,현금,30000,뽀글싫어함,
233,100111,2024-05-11,아들컷,현금,9000,,
234,100112,2024-05-12,펌 6호(피치),송금,30000,,
235,100086,2024-05-12,친구앞머리펌(5호) 사장컷 아들컷,현금,38000,,
236,100052,2024-05-12,"뿌염BG5,B5",현금,30000,,
237,100113,2024-05-13,"뿌염B5,B6",송금,30000,김밥천국,
238,100114,2024-05-12,매직(B),카드,90000,"현50,000 카40,000",
239,100115,2024-05-13,펌6호(피치),현금,30000,,
240,100062,2024-05-15,뿌염B5,현금,30000,,
241,100050,2024-05-15,"뿌염B5,BG6",현금,30000,아주마음에듬,
1241,100077,2024-05-16,"뿌염BO6,BR6",현금,30000,,
1242,100045,2024-05-15,컷,현금,9000,,
1243,100045,2024-05-16,언니펌11호(핑크),현금,30000,,
1244,100057,2024-05-18,아들파마5호,송금,30000,아주잘나옴,
1245,100082,2024-05-18,엄마앞머리펌4호,카드,20000,,
1246,100051,2024-05-20,"뿌염B5,B6 ",카드,30000,,
1247,100051,2024-05-21,"볼륨매직A,B(2,1)",송금,80000,아주좋아함,
1248,100099,2024-05-21,펌 (작은핑트롯드),현금,30000,아구찜엄마,
1249,100076,2024-05-22,"펌6,7호",카드,30000,,
1250,100116,2024-05-23,일반펌 7호(파랑),현금,30000,머리작은언니,
1251,100048,2024-05-24,"뿌염BO8,BR8",현금,30000,BO6(아주쬐금),
1252,100117,2024-05-24,컷,송금,10000,일자단발,
1253,100106,2024-05-24,"뿌염BG7,CR7",송금,30000,와이프,
1254,100118,2024-05-25,딸전체염색B5 엄마컷,카드,60000,,
1255,100105,2024-05-27,언니파마7호,송금,30000,,
1256,100030,2024-05-28,"염색BG8,G7",현금,30000,마음에듬,
1257,100046,2024-05-28,"뿌염G11,G7(2:1)",송금,30000,마음에 들어함,
1258,100084,2024-05-29,"뿌염B5,B6",카드,42000,04로션구입,
1259,100055,2024-05-29,"뿌염B5,BR5",송금,30000,,
2258,100119,2024-05-31,"전체염색8AB,S8",카드,50000,"오렌지색 싫어함 붉은색    오렌지싫어함    ",
2259,100086,2024-05-31,파마5호,카드,30000,,
2260,100068,2024-05-31,"뿌염BO6,BR6",카드,30000,,
3260,100105,2024-06-01,뿌리매직 A,송금,70000,딸,
3261,100064,2024-06-04,파마 7호(파랑),현금,30000,,
3262,100080,2024-06-08,뿌염G7,송금,30000,,
3263,100063,2024-06-08,"셋팅18,16",송금,70000,,
3264,100062,2024-06-09,부부 SB5(스피드),카드,60000,,
3265,100052,2024-06-09,"뿌염B5,BG5",현금,30000,,
3267,100053,2024-03-08,"펌 7,8호 다운펌",카드,40000,,
3268,100069,2024-06-09,펌2호,현금,30000,,
3269,100103,2024-06-09,매직,현금,100000,엄마,
3270,100050,2024-06-09,"염색B5,BG6 엄마펌6호",현금,60000,,
4269,100074,2024-06-11,"뿌염BG5,BG6",카드,30000,,
4270,100084,2024-06-12,"셋팅펌 18,16",카드,70000,,
5270,100056,2024-06-15,C컬매직,카드,70000,,
6270,100063,2024-06-17,뿌염B6,송금,30000,,
6271,100051,2024-06-17,"뿌염B6   ",현금,30000,,
6272,100045,2024-06-18,"펌 핑크,남편 컷",현금,40000,,
6273,100106,2024-06-18,앞머리매직,현금,40000,"남편 ",
7273,100072,2024-06-19,파마6호,현금,30000,아구찜홀,
7274,100048,2024-06-19,"뿌염BO8,BR8",현금,30000,,
7275,100111,2024-06-19,아들컷,현금,9000,,
7276,100073,2024-06-19,"전체염색BR8,RR7,V(바이오)",카드,60000,아주마음에듬,
7277,100082,2024-06-19,컷,현금,10000,엄마,
7278,100084,2024-06-21,"뿌염B6,BR6",카드,30000,,
7279,100108,2024-06-23,컷,카드,9000,,
7280,100120,2024-06-23,뿌염SB4,현금,30000,,
7281,100115,2024-06-22,컷,현금,10000,,
7283,100121,2024-06-24,"히피펌 6,7호",송금,60000,딸,
7284,100122,2024-06-25,파마5호기본,카드,30000,언니,
7285,100059,2024-06-25,"염색BR8,RR7,R(남편)",현금,30000,마음에 들어함,
7286,100123,2024-06-25,"와이프염색11AB,k8(좀더 밝아도 됨)",송금,30000,남편금발색좋아함,
7287,100066,2024-06-25,블랙.파마4호,카드,60000,닭살부부,
7289,100046,2024-06-25,"뿌염G11,G7",현금,30000,,
7290,100109,2024-06-25,뿌염SB6,송금,30000,푸들아빠,
7292,100101,2024-06-25,"뿌염B5,B6",카드,30000,,
7294,100044,2024-06-24,염색SB5 파마6호(다대),송금,80000,엄마,
7295,100103,2024-04-20,매직,현금,100000,딸,
7297,100062,2024-06-27,뿌염B5,송금,30000,,
7299,100102,2024-04-19,뿌염B5,카드,30000,,
7300,100102,2024-06-25,뿌염B5,카드,30000,,
8297,100112,2024-06-28,뿌염SB5,송금,30000,,
8298,100124,2024-06-28,"엄마염색SB5,아들펌6호",카드,60000,,
9298,101124,2024-06-29,"전체염색9AB,8K(소개)",현금,55000," 트리트먼트(시엠시)판매      ",
9299,101125,2024-06-29,전체염색G7,카드,50000,밀면여사장,
10299,101126,2024-06-30,"엄마펌8호 딸매직세팅18,20호",송금,230000,,
10300,100055,2024-06-30,"뿌염B5,BR5",송금,30000,,
10301,100086,2024-06-30,"파마5,6호",송금,30000,,
10302,101127,2024-07-01,매직,현금,80000,가늘고곱슬심함(A타입),
10303,101128,2024-07-01,"파마 8,9호",카드,30000,이발소사모,
10304,101129,2024-07-03,"뿌염SB7,6",송금,30000,점점밝게,
10305,100052,2024-07-03,"셋팅 16,18호",현금,70000,,
10306,100047,2024-07-03,"파마 6,7호",현금,30000,,
11305,100086,2024-07-04,컷,현금,10000,딸,
11306,100053,2024-07-04,염색SB7,카드,30000,좀더밝게,
11307,100122,2024-07-06,컷,카드,10000,딸,
11308,100118,2024-07-06,염색G9,카드,30000,,
11309,101130,2024-07-06,셋팅18호(A),송금,80000,잘안나옴,
11310,100068,2024-07-06,"뿌염BG6,BR6",카드,30000,,
12310,101131,2024-07-08,뿌염G7,송금,40000,,
12312,100031,2024-07-10,C컬매직,카드,80000,,
12313,101132,2024-07-10,매직A,송금,80000,,
12314,100050,2024-07-11,"뿌염B5,BG6",현금,30000,,
12315,100059,2024-07-11,"딸B5,B6 암마(크리닉)",송금,60000,,
12316,100052,2024-07-11,"뿌염B5,BG6",현금,42000,컬로션(판매),
12317,100056,2024-07-12,뿌염SB5,카드,30000,,
12318,100048,2024-07-13,"뿌염BO8,BR8",현금,30000,,
12319,100111,2024-07-16,"C컬매직(A)16,18호",송금,120000,,
12320,100109,2024-07-17,뿌염SB6,송금,30000,,
12321,101133,2024-07-18,파마 7호,카드,30000,,
12322,100073,2024-07-19,"앞머리,딸컷",카드,12000,빨간머리,
12323,100043,2024-07-20,"셋팅펌18,20호",카드,100000,,
12324,100051,2024-07-22,뿌염B6,현금,30000,,
12325,100059,2024-07-23,피스(붙임머리),현금,30000,,
12326,100064,2024-07-24,컷,현금,10000,,
12327,100052,2024-07-24,컷,현금,10000,,
12328,100048,2024-07-24,"히피펌8,9호",송금,70000,"엣세스(20,000)판매",
12329,101134,2024-07-26,"파마 1,2,3호",송금,30000,소개,
12330,100084,2024-07-27,"뿌염B6,BR6,남편컷",현금,40000,,
12331,100094,2024-07-29,"아빠펌7,8호 아들펌7,8호",현금,60000,,
12332,100059,2024-07-29,딸(크리닉),송금,30000,써비스(붙임머리),
12333,100094,2024-07-30,언니뿌염G7,현금,30000,,
12334,100068,2024-07-31,전체매직,카드,100000,,
12335,100053,2024-08-05,"파마6,7호",카드,30000,,
12336,101135,2024-08-06,"파마5,6호(다운펌) ",송금,52000,컬로션판매,
12337,100080,2024-08-06,뿌염G7,현금,30000,,
12338,100063,2024-08-06,뿌염B6,송금,30000,,
12339,100082,2024-08-06,"전체염색G7,G9,CR7",카드,40000,엄마,
12340,100094,2024-08-06,"일반펌5 영양,기장추가",송금,60000,,
13339,100064,2024-08-08,파마8호(그린),현금,30000,지난번에 빨리 풀림,
13340,100106,2024-08-08,"염색B5,B6",카드,30000,,
13341,100112,2024-08-08,"파마6,7호",현금,30000,,
13342,100109,2024-08-09,뿌염SB7,송금,30000,,
13343,100122,2024-08-09,파마6호,카드,30000,시간을좀더 볼것,
13344,100073,2024-08-09,"전체RR7,R,BR8",카드,60000,,
13345,100082,2024-08-09,막내딸 볼륨매직A,카드,70000,,
14344,100048,2024-08-10,"뿌염BO8,BR8",현금,30000,,
14345,101136,2024-08-10,"매직세팅 18,20호",카드,120000,소개(마음에 들어함),
15344,100050,2024-08-11,"뿌염B5,BG6",현금,30000,,
15345,100031,2024-08-11,아들파마6호,카드,30000,,
15346,102136,2024-08-13,"엄마매직(추가)100,000  딸(디자인)히피6호100,000",카드,200000,,
15347,100045,2024-08-14,파마(진핑크),현금,30000,,
15348,102137,2024-08-15,"전체매직,뿌염  ",송금,160000,,
15349,100068,2024-08-15,"뿌염 BG6,BR6",카드,30000,,
15350,100095,2024-08-16,헤어컷,카드,10000,,
15351,100093,2024-08-19,남편8호(그린),송금,30000,,
15352,100121,2024-08-21,엄마매직(곱슬추가),송금,100000,,
15353,100098,2024-08-22,헤어컷,현금,10000,,
15354,100066,2024-08-23,파마5호(빨강),카드,30000,,
15355,101129,2024-08-23,"뿌염SB6,SB7",카드,30000,,
15356,100030,2024-08-24,"뿌염B5,BG5",현금,30000,,
15357,101124,2024-08-24,"뿌염9AB,K8",현금,30000,,
15358,102139,2024-08-25,"파마6,5호(6탑부분)",송금,35000,,
15359,100112,2024-08-25,뿌염SB6,송금,30000,,
15360,100082,2024-08-26,엄마볼륨매직A,카드,70000,,
15361,102140,2024-08-27,파마5호(영양+),카드,40000,,
15362,100076,2024-08-27,"파마6,7호(영양+)",현금,40000,,
15363,102141,2024-08-30,6호(다대),현금,50000,마음에듬,
15364,102142,2024-08-30,파마4호(영양+),카드,40000,,
15365,100051,2024-09-02,뿌염B6,현금,30000,,
15366,102143,2024-09-04,파마5호(빨강),카드,30000,,
15367,101133,2024-09-04,컷,현금,10000,,
15368,100102,2024-09-06,뿌염B5(앞머리뱅파마추가),송금,40000,,
15369,100101,2024-09-06,뿌염B5,송금,30000,,
15370,102144,2024-09-07,뿌염B6,송금,30000,,
15371,100088,2024-09-07,파마5호,현금,30000,,
15372,102145,2024-09-08,"뿌염B5,CR4(영양추가)",카드,40000,,
15373,102146,2024-09-09,파마5호(기장추가),카드,40000,,
15374,101128,2024-09-09,파마7호(파랑),현금,30000,,
15375,100093,2024-09-10,"셋팅18,16호(A)",송금,70000,,
15376,100050,2024-09-11,"뿌염B5,BG6",현금,30000,,
15377,100047,2024-09-11,"파마7,8(파랑,그린)",현금,30000,,
15378,100122,2024-08-23,컷,카드,10000,,
15379,100112,2024-09-09,컷,현금,10000,,
15380,100116,2024-09-12,파마7(파랑),현금,60000,샴푸판매,
15381,102147,2024-09-13,"파마 7,8(파,그)대만",현금,30000,,
15382,100109,2024-09-13,뿌염SB6,송금,30000,,
15383,100122,2024-09-13,하나엄마파마6(피치),카드,30000,,
15384,102148,2024-09-13,남편SB6두피예민),카드,30000,,
15385,100052,2024-09-13,"뿌염B5,BG6",현금,30000,,
15386,101125,2024-09-19,뿌염G7,송금,30000,,
15387,101134,2024-09-19,"뿌염B5,BG6",송금,30000,,
15388,100059,2024-09-19,"전체염색BR8,RR7,R(남편)",현금,40000,마음에들어함,
15389,100083,2024-09-21,"단발셋팅펌16,18호",송금,70000,,
15390,100072,2024-09-22,파마6호,현금,30000,,
15391,100108,2024-09-22,파마6호,현금,30000,,
15392,100073,2024-09-22,"전체염색BR8,RR7,R(믹스)",카드,60000,,
15393,100068,2024-09-22,"뿌염BG6,BR6",카드,30000,,
15394,100080,2024-09-24,뿌염G7,현금,30000,,
15395,100114,2024-09-25,밑에만파마5호(다대) 기장추가,카드,40000,,
15396,100045,2024-09-26,파마(진핑크),현금,30000,,
15397,100048,2024-09-27,"뿌염BOR8,BO8",현금,30000,,
15398,102149,2024-09-28,파마4호(기장추가),송금,40000,,
15399,100074,2024-09-30,"뿌염BG5,BG6",카드,30000,,
15400,102150,2024-09-30,"파마7,8호",현금,30000,육더미여사장,
15401,100064,2024-10-01,"파마7,8믹스",현금,30000,,
15402,100053,2024-10-01,파마6호,카드,30000,,
15403,100051,2024-10-01,"뿌염B6,BR5",현금,30000,,
15404,100084,2024-10-03,"파마3,4호",카드,50000,,
15405,100057,2024-10-04,"엄마파마7,8호",현금,30000,,
15406,100063,2024-10-05,뿌염B6,송금,30000,,
15407,102148,2024-10-05,뿌염SB5,송금,30000,,
15408,100030,2024-10-07,"뿌염B5,BG5",현금,30000,,
15409,102151,2024-10-09,"파마3,4호(헤나) 잘안나옴",카드,20000,동신아파트,
15410,100105,2024-10-10,파마5호,송금,30000,,
15411,100112,2024-10-11,뿌염SB6,송금,30000,,
15412,102152,2024-10-11,"셋팅18,20(아빠소개)",카드,100000,태어나서 처음파마함,
15413,100063,2024-10-11,"셋팅A18,16호",송금,70000,,
15414,101133,2024-10-11,파마6호,카드,30000,,
15415,100122,2024-10-13,하나언니파마5호(기본),카드,30000,,
15416,100050,2024-10-16,"뿌염B5,BG6",송금,30000,,
15417,102153,2024-10-16,"파마6호(탑,사이드7,8호)",현금,30000,동신아파트,
15418,102154,2024-10-16,"뿌염B6,BG6",카드,30000,,
15419,100052,2024-10-16,"뿌염B5,BG6",현금,30000,,
15420,100080,2024-10-18,뿌리매직A,현금,70000,,
15421,102155,2024-10-18,뿌염SB6,카드,30000,,
15422,100084,2024-10-19,"뿌염B6,BG6",카드,30000,,
15424,100048,2024-10-23,"뿌염BO8,BR8",송금,30000,,
15425,102145,2024-10-23,"뿌염B5,CR4(영양추가)",카드,40000,,
15426,100031,2024-10-24,볼륨매직,카드,70000,,
15427,100052,2024-10-25,"셋팅16,18호",현금,70000,,
15428,100068,2024-10-27,"뿌염BG6,BR6+영양",카드,50000,,
15429,101128,2024-10-28,"파마8(탑),7호(파랑)",현금,30000,,
15430,102156,2024-10-30,c컬셋팅22호,송금,80000,,
15431,102157,2024-10-31,"셋팅A 18,20호",송금,120000,,
15432,100114,2024-10-31,매직(B),현금,80000,"현금50,000카드30,000",
15433,100049,2024-10-31,매직,송금,100000,,
15434,102144,2024-11-01,뿌염B6,송금,30000,,
15435,100122,2024-11-01,엄마파마7,카드,30000,,
15436,102158,2024-11-02,전체염색SB4,카드,60000,,
15437,100091,2024-11-04,"매직셋팅 18,20호",송금,120000,,
15438,102159,2024-11-05,"파마3,4호",송금,30000,,
15439,100101,2024-11-06,뿌염B5,송금,30000,,
15440,100102,2024-11-06,뿌염B5,송금,30000,,
15441,100048,2024-11-06,히피펌 유니온(빨강),현금,70000,,
15442,100051,2024-11-07,"뿌염B6,BR5",현금,30000,,
15443,102154,2024-11-07,"매직셋팅18,16호",현금,120000,"20,000(현금)",
15444,102144,2024-11-08,"남편파마7,8호",송금,30000,,
15445,100097,2024-11-09,"셋팅펌 16,18호",현금,70000,,
15446,100119,2024-11-09,"전체염색엄마9AB,S10 딸G9",카드,100000,중국사람,
15447,102148,2024-11-10,뿌염SB5,송금,30000,,
15448,100109,2024-11-11,염색SB6,송금,30000,,
15449,100080,2024-11-11,"염색B5,B6(다운)",현금,30000,,
15450,102145,2024-11-11,일반펌4호(영양)뿌리넣고,현금,50000,,
15451,100094,2024-11-12,염색SB5,현금,30000,,
15452,102160,2024-11-13,"컷 ",카드,10000,,
15453,100103,2024-11-15,딸 전체매직,현금,120000,,
15454,102161,2024-11-16,"히피펌8,9호",송금,60000,소개,
15455,100088,2024-11-16,뿌염SB5,카드,30000,남편,
15456,100078,2024-11-16,"뿌염SB5,B1",송금,30000,,
15457,100050,2024-11-18,뿌염B5,현금,30000,,
15459,100052,2024-11-19,"뿌염B5,BG5",현금,30000,,
15460,102163,2024-11-20,"파마8,(그린)",카드,30000,,
15461,102164,2024-11-21,"히피펌(빨강,보라)",송금,60000,,
15462,100112,2024-10-19,파마6호(탑7호),송금,30000,,
15463,100084,2024-11-22,"뿌염B6,BG6",카드,50000,영양,
15464,100048,2024-11-23,"뿌염BO8,BR8",현금,30000,,
15465,102148,2024-11-23,뿌염SB5,송금,30000,,
15466,100095,2024-11-24,"셋팅18,16호",송금,70000,,
15467,100093,2024-11-24,남편파마(보라),송금,30000,,
15468,100063,2024-11-25,뿌염B6,현금,30000,,
15469,100083,2024-11-26,컷,송금,10000,,
15470,102165,2024-11-26,"히피펌(소개)7,8호",송금,70000,,
15471,100086,2024-11-26,친구파마5호,현금,30000,,
15472,102153,2024-11-29,"파마탑9호(그린)사이드8호 ",현금,40000,영양추가,
15473,102166,2024-11-29,뿌염SB5,현금,30000,,
15474,101134,2024-11-30,"뿌염B5,BG6",송금,30000,,
15475,102167,2024-11-30,"전체매직(왕곱슬추가) ",카드,100000,베트남딸,
15476,100122,2024-12-02,엄마컷,카드,10000,,
15477,100046,2024-12-02,"뿌염G9,셋팅펌18,20호",카드,150000,,
15478,100045,2024-12-05,파마(진핑크),현금,30000,,
15479,100051,2024-12-05,"뿌염B6,BR5",현금,30000,,
15481,102162,2024-10-22,뿌염SB6(마음에 듬)+영양,카드,40000,,
15482,102162,2024-11-19,"뿌염+영양SB6,SB7",카드,40000,,
15483,102162,2024-12-06,뿌염SB6+영양,카드,40000,,
15485,102145,2024-12-09,"뿌염+영양B6,BR5",현금,40000,,
15486,100074,2024-12-10,"뿌염BG5,BG6",카드,30000,,
15487,102168,2024-12-10,뿌염G7(엄마컷포함),현금,40000,,
15488,100068,2024-12-11,"뿌염BG6,BR6(영양)",카드,50000,,
15489,100064,2024-12-12,"파마7,8호믹스",현금,30000,,
15490,102169,2024-12-14,파마+영양6호,현금,40000,,
15491,100073,2024-12-14,"전체염색BR8,RR7,아모스레드",송금,60000,,
15492,102170,2024-12-16,뿌염SB4,송금,30000,영어학원원장,
15493,102157,2024-12-17,남편컷,송금,9000,,
15494,102171,2024-12-18,파마8호(그린),현금,30000,,
15495,102170,2024-12-19,"셋팅C,S 18,19호",송금,70000,,
15496,100048,2024-12-19,"뿌염BO8,BR8",현금,30000,,
15497,102172,2024-12-19,파마6호 뿌리(찍찍이)추가,카드,50000,동신아파트(소개많이해줌),
15498,102153,2024-12-19,컷,현금,10000,,
15499,100052,2024-12-20,"뿌염B5,BG5",현금,30000,,
15500,102155,2024-12-21,"파마7,8호",카드,30000,,
15501,102173,2024-12-21,"셋팅C,S컬 18,16호",송금,70000,소담이엄마,
15502,100043,2024-12-22,"엄마전체염색B5,BR5 아들파마7,8호",카드,90000,,
15503,101128,2024-12-23,"파마8,7호",현금,30000,,
15504,102144,2024-12-24,남편파마5호(그린),송금,30000,,
15505,101133,2024-12-24,"파마사이드,네이프4호 탑8호(그린),판매R",카드,50000,,
15506,100080,2024-12-27,뿌염B5,카드,30000,,
15507,102155,2024-12-27,뿌염SB6,현금,30000,,
15508,100116,2024-12-27,파마7호,현금,30000,,
15509,102174,2024-12-27,"딸파마1번 1,2호(기장추가) 아들3번 5호",송금,80000,,
15510,102154,2024-12-27,파마5호,현금,30000,,
15511,100084,2024-12-28,"뿌염B6,BG6+영양",현금,50000,,
15512,102144,2024-12-28,전체염색SB7(40) C컬매직(80),송금,120000,점점밝게하고싶어함,
15513,102160,2024-12-28,베이비펌+영양5호,카드,40000,,
15514,102175,2024-12-28,"파마3,4호",카드,40000,,
15515,100072,2024-12-30,파마6호,현금,30000,,
15516,102176,2024-11-06,히피펌7호,송금,70000,,
15517,102176,2024-12-31,뿌염B5,송금,30000,,
15518,102170,2025-01-01,동생단발컷,송금,10000,,
15519,102166,2025-01-02,뿌염SB6,현금,30000,,
15520,100031,2025-01-02,"아들파마6,7호",현금,30000,,
15521,102177,2025-01-02,볼륨매직(머리숱추가),송금,90000,,
15522,100020,2025-01-03,일반파마6호,송금,30000,,
15523,100112,2025-01-04,파마8호,송금,30000,,
15524,100063,2025-01-04,"셋팅16,18",송금,70000,,
15525,100051,2025-01-06,"뿌염B6,BR5",현금,30000,영어샘,
15526,100103,2025-01-06,단발매직C,현금,80000,,
15527,100057,2025-01-09,"뿌염SB6(팁10,000)",현금,30000,,
15528,100110,2025-01-09,파마5호,현금,30000,,
15529,100030,2025-01-10,염색G7,송금,30000,,
15530,100059,2025-01-11,"전체염색BR8,RR7",현금,40000,고객만족,
15531,102177,2025-01-11,"셋팅S컬18,20",송금,110000,둘째딸,
15532,102162,2025-01-14,뿌염SB6+영양(할때마다추가),카드,40000,,
15533,101127,2025-01-14,매직(곱슬추가),현금,100000,,
15534,102140,2025-01-15,파마+영양7호,카드,40000,,
15535,100076,2025-01-15,파마+영양8호,카드,40000,,
15536,102176,2025-01-16,매직(기장추가),송금,120000,에이스사장,
15537,102178,2025-01-16,파마5호,현금,30000,,
15538,100048,2025-01-16,"뿌염BO8,BR8",현금,30000,,
15539,102153,2025-01-18,파마8호(그린),카드,30000,다음부터영양추가,
15540,102179,2025-01-18,"셋팅C,S컬18.16호",카드,80000,,
15541,100063,2025-01-18,뿌염B6,송금,30000,,
15542,100068,2025-01-18,"뿌염BG6,BG5+영양",카드,50000,,
15543,102145,2025-01-20,"뿌염B6,BR5+영양",현금,40000,,
15544,100110,2025-01-21,전체염색SB7(기장추가),현금,40000,,
15545,100031,2025-01-22,"C컬셋팅16,18",송금,80000,,
15546,102180,2025-01-23,히피펌9호(그린)+기장추가,송금,80000,소개받은사람,
15547,101134,2025-01-31,"뿌염B5,BG6",송금,30000,,
15548,100048,2025-02-03,"뿌염BO8,BR8",현금,30000,,
15549,100051,2025-02-03,"뿌염BO6,BR6",카드,30000,,
15550,102168,2025-02-04,뿌염G7(다음부터기장추가+20),현금,30000,,
15551,102181,2025-02-05,"셋팅C,S",카드,80000,,
15552,100121,2025-02-05,"뿌리매직(곱슬추가,숱추가)",송금,120000,,
15553,100052,2025-02-05,"뿌염B5,BG5",현금,30000,,
15554,102162,2025-02-07,뿌염+영양SB6,카드,40000,,
15555,100073,2025-02-08,"전체염색BR8,RR7,V",카드,60000,,
15556,100084,2025-02-08,"전체염색B6,SB6",카드,50000,,
15557,100085,2025-02-08,일반펌6호+기장추가,카드,50000,,
15558,100044,2025-02-10,매직(딸)+곱슬추가,송금,80000,,
15559,102182,2025-02-11,C컬매직,카드,80000,,
15560,100048,2025-02-12,매직,송금,120000,,
15561,100080,2025-02-12,뿌염B5,현금,30000,,
15562,100050,2025-02-14,뿌염SB5(잘안나옴),현금,30000,칼라책크후 샴퓨,
15563,100121,2025-02-14,뿌염(반기장)SB6+추가,송금,60000,,
15564,102167,2025-02-15,매직+곱슬,카드,100000,,
15565,101133,2025-02-15,컷,현금,10000,,
15566,102175,2025-02-17,뿌염B6,카드,30000,,
15567,101125,2025-02-17,매직+곱슬,카드,100000,,
15568,100091,2025-02-19,"S셋팅16,18호",카드,80000,,
15569,102144,2025-02-22,뿌염SB7,송금,30000,더 밝게 하고싶어함,
15570,100108,2025-02-22,투블럭앞뒤파마5호,카드,30000,,
15571,100046,2025-02-22,뿌염G9,카드,30000,,
15572,102177,2025-02-22,"셋팅S컬 18,20",송금,90000,첫째딸,
15573,102183,2025-02-24,"셋팅14,16",송금,70000,,
15574,102148,2025-02-26,뿌염SB5,송금,30000,,
15575,100091,2025-02-26,"뿌염SB6,SB7",송금,25000,,
15576,100068,2025-02-26,뿌염SB6,카드,30000,,
15577,100064,2025-02-27,파마9호(그린),현금,30000,,
15578,102162,2025-02-28,뿌염SB6+영양,카드,40000,,
15579,101126,2024-12-09,매직(기장추가),송금,150000,엄마,
15580,101126,2025-03-04,전체매직(기장+),송금,180000,막내딸,
15581,100051,2025-03-04,뿌염SB7,현금,30000,,
15582,100048,2025-03-04,"뿌염BO8,BR8",현금,30000,,
15583,100074,2025-03-04,"뿌염 BG5,BG6",카드,30000,,
15584,102156,2025-03-07,컷,송금,10000,,
15585,102184,2025-03-08,셋팅14호,카드,150000,,
15586,100063,2025-03-08,뿌염B6,송금,50000,빨간통샴푸판매(20),
15587,100084,2025-03-08,"뿌염B6,BG5",카드,30000,,
15588,102185,2025-03-08,"셋팅16,18(C,S컬)",카드,120000,,
15589,102186,2025-03-08,염색(전체)G7,카드,60000,,
15590,102150,2025-03-10,"파마7,8호",현금,30000,,
15591,101128,2025-03-10,파마8호,현금,30000,,
15592,100076,2025-03-10,"뿌염SB6,SB7",현금,30000,,
15593,102140,2025-03-10,"뿌염SB6,SB7",현금,30000,,
15594,102187,2025-03-11,컷,현금,10000,,
15595,101133,2025-03-12,"파마사5호,탑8호",카드,30000,,
15596,100045,2025-03-14,파마유니온(빨강),현금,30000,,
15597,100052,2025-03-14,"뿌염B5,BG5",현금,30000,,
15598,100065,2025-03-15,"뿌염B5,B6+영양(항상)",송금,40000,,
15600,100030,2025-03-21,전체염색SB6,현금,30000,,
15601,100048,2025-03-24,"뿌염BO8,BR8",송금,30000,,
15602,100061,2025-03-25,"와이프파마4,",송금,30000,,
15603,100072,2025-03-26,파마6호,현금,30000,,
15604,102145,2025-03-26,"전체염색CR7,BG5,BR6+영양",카드,60000,,
15605,100051,2025-03-27,뿌염SB7,현금,30000,,
15606,100052,2025-03-28,"셋팅16,14",현금,70000,,
15607,100091,2025-03-29,뿌염SB6,송금,25000,,
15608,102188,2025-03-29,셋팅16,송금,70000,,
15609,100064,2025-03-31,뿌염SB6,현금,30000,,
15610,100080,2025-04-02,뿌염B5,현금,30000,,
15611,100111,2025-04-03,매직셋팅18호,송금,150000,,
15612,100068,2025-04-05,뿌염SB6,카드,30000,,
15613,101132,2025-04-07,"매직셋팅18,20호",송금,130000,,
15614,102153,2025-04-07,파마6호,카드,40000,,
15615,100112,2025-04-07,파마7호,송금,30000,,
15616,102178,2025-04-09,"파마7,8호",현금,30000,,
15617,102183,2025-04-10,"뿌염SB6,SB7",카드,30000,,
15618,102162,2025-04-11,"셋팅,뿌염 16,SB6",카드,100000,,
15619,100047,2025-04-11,"파마7,8호",현금,30000,,
15620,101134,2025-04-12,뿌염SB7,송금,30000,,
15621,100063,2025-04-12,파마4호,송금,30000,,
15622,100048,2025-04-15,"뿌염BO8,BR8",현금,30000,,
15623,102175,2025-04-15,뿌염B6,카드,30000,,
15624,100050,2025-04-18,뿌염SB5,현금,30000,,
15625,100052,2025-04-18,전체염색B5,현금,40000,,
15626,100051,2025-04-21,"뿌염SB6,SB7",현금,30000,,
15627,102189,2025-04-25,뿌염SB7,송금,30000,,
15628,102137,2025-04-26,뿌염G7,카드,30000,,
15629,102160,2025-04-28,베이비펌6호,카드,40000,,
15630,100064,2025-04-29,파마9호(그린),현금,30000,,
15631,100083,2025-04-30,샛팅 16호,송금,70000,,
15632,102153,2025-04-30,컷,카드,10000,,
15633,100105,2025-05-01,딸뿌리매직(8) 엄마파마9호,송금,110000,,
15634,100091,2025-05-01,언니뿌염SB6 남편컷,카드,34000,,
15635,100084,2025-05-01,여 전체염색SB7 남컷,카드,49000,,
15636,102162,2025-05-02,뿌염+영양SB6,카드,40000,,
15637,100030,2025-05-02,뿌염SB6,현금,30000,,
15638,102179,2025-05-03,매직,카드,70000,,
15639,102152,2025-05-05,"파마엄마2호 딸3,4호(계산따로)",카드,120000,,
15640,100097,2025-05-06,파마8호,현금,30000,,
15641,100045,2025-05-06,파마(핑크)유니온,현금,30000,,
15642,100063,2025-05-06,뿌염B6,송금,30000,,
15643,102142,2025-05-07,전체염색B6,카드,40000,,
15644,102145,2025-05-07,뿌염+영양B6,카드,40000,,
15645,100020,2025-05-07,파마6호,송금,30000,,
15646,100101,2025-05-09,뿌염B5,송금,30000,,
15647,100102,2025-05-09,뿌염B5,송금,30000,,
15648,100048,2025-05-09,"뿌염BO8,BR8",현금,30000,,
15649,100065,2025-05-09,뿌염+영양SB6,송금,40000,,
15650,100051,2025-05-12,뿌염SB7,현금,30000,,
15651,100114,2025-05-14,"매직 40,000(카)",현금,90000,,
15652,102183,2025-05-15,뿌염SB7+크리닉,송금,60000,,
15653,102190,2025-05-16,파마5호(그린)+영양,카드,40000,동신,
15654,102168,2025-05-16,뿌염G7+기장추가,현금,50000,,
15655,102191,2025-05-17,뿌염G7(멋)-SB7(새치),카드,30000,,
15656,102192,2025-05-17,전체매직,송금,100000,,
15657,100074,2025-05-17,"뿌염BG5,BG6",카드,30000,,
15658,102175,2025-05-19,뿌염B6,송금,30000,,
15659,101127,2025-05-19,매직(B),현금,100000,,
15660,100064,2025-05-20,뿌염SB6,현금,30000,,
15661,100076,2025-05-21,파마+영양6호,카드,40000,,
15662,100052,2025-05-21,뿌염+영양B5,현금,40000,,
15663,102194,2025-05-21,뿌염B6,송금,30000,,
15664,100068,2025-05-21,뿌염SB7,카드,30000,,
15665,100080,2025-05-22,뿌염B6,현금,30000,,
15666,102195,2025-05-22,뿌염B5,카드,30000,,
15667,100046,2025-05-23,뿌염G9,카드,30000,,
15668,102196,2025-05-24,파마5호,송금,30000,,
15669,100091,2025-05-26,뿌염SB6,카드,25000,,
15670,101128,2025-05-26,파마8호,현금,30000,,
15671,102157,2025-05-26,여컷,송금,10000,,
15672,102197,2025-05-26,전체염색G7,카드,40000,,
15673,100049,2025-05-26,커트,송금,10000,,
15674,102189,2025-05-27,뿌염SB6,현금,30000,,
15675,102171,2025-05-29,파마8호(그린),현금,30000,,
15676,100048,2025-05-30,"뿌염BO8,BR8",현금,30000,,
15677,102162,2025-05-30,뿌염SB6,카드,40000,,
15678,102198,2025-05-31,뿌염SB7,카드,30000,바이크(와이프),
15679,102153,2025-06-02,"파마6,8믹스(탑)",카드,40000,귀밑머리(생머리) 앞부분(염색),
15680,102199,2025-06-03,"파마(소개)7,8호",현금,30000,,
15681,102200,2025-06-03,"셋팅(남편소개)18,16호",카드,70000,하루에두번펌(바로재탕일반펌),
15682,100084,2025-06-04,뿌염+영양SB7,카드,40000,,
15683,102169,2025-06-05,파마+영양6호,현금,40000,,
15684,101134,2025-06-06,뿌염B6,송금,30000,,
15685,102201,2025-06-07,파마9호(그린),현금,30000,,
15686,100051,2025-06-09,뿌염SB7,현금,30000,,
15687,100068,2025-06-12,전체매직A,카드,120000,,
15688,100063,2025-06-14,뿌염B6,송금,30000,,
15689,100111,2025-06-16,뿌리매직,송금,70000,,
15690,100091,2025-06-17,"셋팅14,12호     ",카드,70000,,
15691,101131,2025-06-17,"셋팅16,18호",송금,140000,롱헤어,
15692,102202,2025-06-18,"큰딸2호(50,000) 작은딸1호(60,000) ",송금,110000,육더미딸,
15693,102175,2025-06-19,뿌염B6,송금,30000,,
15694,102162,2025-06-19,뿌염+영양SB6,카드,40000,좀더 밝아도 좋다,
15695,102203,2025-06-20,뿌염B6+드라이 큰딸컷,현금,50000,,
15696,100047,2025-06-21,"파마7,8호",송금,30000,,
15697,100110,2025-06-23,파마5호,현금,30000,,
15698,102204,2025-06-23,"셋팅14,16호",송금,70000,"판매(01)15,000+",
15699,100052,2025-06-26,뿌염B5,현금,30000,,
15700,102205,2025-06-27,파마빨강(유니온),현금,30000,,
15701,102186,2025-06-28,뿌염G7,카드,30000,"다음,만(추가)",
15702,100064,2025-06-30,뿌염SB6,현금,30000,,
15703,101133,2025-06-30,"파마사이드5호 탑7,8호",카드,30000,,
15704,100080,2025-07-01,뿌리매직,카드,70000,,
15705,102151,2025-07-02,파마6호,카드,30000,,
15706,100066,2025-07-02,파마1호(뿌리추가),카드,40000,,
15707,100068,2025-07-02,뿌염SB7,카드,30000,,
15708,100084,2025-07-03,뿌염SB7,카드,30000,,
15709,102183,2025-07-03,뿌염B6,송금,30000,,
15710,100045,2025-07-03,"파마유니온(그린,노랑)",현금,30000,"다음,만(추가)",
15711,102144,2025-07-03,뿌염S6,송금,30000,"다음,만(추가)",
15712,102195,2025-07-05,뿌염+영양B6,카드,40000,,
15713,100103,2025-07-07,매직,송금,70000,,
15714,100065,2025-07-08,뿌염SB6+영양,송금,40000,,
15715,102206,2025-07-09,파마6호(다대),카드,30000,다음+(추가),
15716,100101,2025-07-11,뿌염B5,송금,30000,,
15717,100102,2025-07-11,뿌염B5,송금,30000,,
15718,102162,2025-07-11,뿌염SB7+영양,카드,40000,,
15719,102178,2025-07-11,"파마6,7호",현금,30000,,
15720,100065,2025-07-15,파마+영양6호,카드,40000,,
15721,102207,2025-07-15,"파마7,8호(01판매)",카드,45000,목소리큰언니소개(경자),
15722,100074,2025-07-16,"뿌염BG5,6 셋팅펌16,14",카드,115000,01(판매),
15723,102191,2025-07-18,파마5호,카드,30000,"다음3,4호(굵게)",
15724,102175,2025-07-18,뿌염B6,송금,30000,,
15725,102208,2025-07-19,셋팅14(숱추가),송금,80000,호랑이산정언니동생(소개),
15726,100051,2025-07-21,뿌염SB7,현금,30000,,
15727,101128,2025-07-22,파마8호,현금,30000,,
15728,100048,2025-07-23,"뿌염BO8,BR8",현금,30000,,
15729,102153,2025-07-23,파마+영양8호,카드,40000,,
15730,100080,2025-07-24,뿌염B6,카드,30000,,
15731,102209,2025-07-24,파마+영양5호,카드,40000,,
15732,100052,2025-07-24,셋팅펌12호,현금,70000,"현금50,000 송금20,000",
15733,100110,2025-07-25,"전체염색CR7,RR7",카드,40000,,
15734,100112,2025-07-26,파마7호,송금,30000,,
15735,100091,2025-07-28,뿌염SB7,카드,25000,,
15736,102140,2025-07-28,뿌염SB6,카드,30000,,
15737,100121,2025-07-28,뿌염B7(다음부터기장추가),송금,30000,,
15738,100068,2025-07-30,뿌염SB7+영양,카드,40000,,
15739,100107,2025-07-31,뿌염SB7,카드,30000,,
15740,100064,2025-07-31,파마8호,현금,30000,,
15741,100063,2025-07-31,뿌염B6,송금,30000,,
15742,102210,2025-08-01,파마6호,송금,30000,소개,
15743,101133,2025-08-01,"조카2명,컷",카드,70000,,
15744,100063,2025-08-02,파마5호,송금,30000,,
15745,100084,2025-08-06,뿌염SB7,카드,30000,,
15746,100046,2025-08-06,엄마뿌염G9+영양 딸 뿌염G7+영양,카드,80000,,
15747,100052,2025-08-06,뿌염B5,현금,30000,,
15748,102162,2025-08-06,뿌염+영양SB7,카드,40000,,
15749,102171,2025-08-07,파마8호(그린),카드,30000,,
15750,102168,2025-08-08,뿌염G7+추가,카드,50000,,
15751,102195,2025-08-09,전체B5,카드,40000,,
15752,100049,2025-08-12,전체매직,송금,80000,,
15753,100048,2025-08-13,"뿌염BO8,BR8",현금,30000,이사감,
15754,100084,2025-08-13,"셋팅펌 16,14호",카드,90000,,
15755,102190,2025-08-14,컷,현금,10000,,
15756,102137,2025-08-14,뿌염G7,현금,30000,,
15757,102211,2025-08-15,"뿌염SB7,남편컷",카드,40000,,
15758,102175,2025-08-15,뿌염B6,카드,30000,,
15759,100064,2025-08-16,뿌염SB6,현금,30000,,
15760,102156,2025-08-16,"셋팅 20,22",송금,90000,,
15761,102167,2025-08-16,매직,카드,80000,,
15762,100037,2025-08-20,"셋팅16,14",카드,80000,,
15763,102212,2025-08-22,"파마7,8호 ",카드,50000,기장+,
15764,102213,2025-08-22,뿌염G7,카드,30000,섬,
15765,100083,2025-08-23,아들파마7호,송금,30000,,
15766,102196,2025-08-23,파마5,송금,30000,,
15767,100091,2025-08-25,뿌염SB7,카드,25000,,
15768,102183,2025-08-25,뿌염B6,송금,30000,,
15769,102214,2025-08-26,파마7호,카드,30000,,
15770,102215,2025-08-26,"셋팅20,22",카드,130000,15+기장+숱," "
15771,102216,2025-08-26,파마+숱5호,카드,40000,,
15772,100051,2025-08-28,전체염색SB7,현금,50000,,
15773,102217,2025-08-29,파마7호+영양,현금,40000,,
15774,102162,2025-08-29,뿌염SB7+영양,카드,40000,,
15775,102185,2025-08-30,"셋팅18,16",카드,100000,앞뿌염B6(써비스),
15776,102154,2025-09-01,"뿌염B6,BG6",카드,30000,,
15777,100046,2025-09-01,전체매직(기장추가),카드,150000,,
15778,102145,2025-09-03,뿌염SB7+영양,카드,40000,,
15779,100074,2025-09-03,뿌염B5,카드,30000,,
15780,100083,2025-09-04,헤어컷,송금,10000,,
15781,102218,2025-09-04,뿌염B6+영양,송금,40000,,
15782,100052,2025-09-05,뿌염B5,현금,30000,,
15783,100030,2025-09-05,뿌염SB6,송금,30000,,
15784,100068,2025-09-06,뿌염SB7,카드,30000,,
15785,100084,2025-09-10,뿌염SB7,카드,30000,,
15786,100064,2025-09-10,컷,현금,10000,,
15787,102207,2025-09-12,파마8호,카드,30000,,
15788,100063,2025-09-15,뿌염B6,송금,30000,,
15789,102201,2025-09-15,파마9호(그린),현금,30000,,
15790,102175,2025-09-17,뿌염B6,카드,30000,,
15791,100102,2025-09-19,뿌염B5+뱅파마,송금,40000,,
15792,100101,2025-09-19,뿌염B5,송금,30000,,
15793,102144,2025-09-19,뿌염B6,송금,40000,밝게,
15794,102203,2025-09-20,뿌염B6+딸컷,송금,40000,,
15795,102190,2025-09-22,파마5호+영양,카드,40000,,
15796,100076,2025-09-22,"파마6호+영양 ",카드,40000,,
15797,100064,2025-09-23,뿌염SB6,현금,30000,,
15798,100080,2025-09-23,"뿌염B6 ",카드,30000,,
15799,101133,2025-09-23,"파마사이드,탑5호 뒤6호",카드,30000,,
15800,102153,2025-09-24,"파마+영양 사,탑5호,뒤6호",카드,40000,,
15801,102162,2025-09-24,뿌염SB7+영양,카드,40000,,
15802,102154,2025-09-25,"매직셋팅16,18호",카드,140000,,
15803,102219,2025-09-25,뿌염SB7,송금,30000,소개,
15804,102220,2025-09-25,"파마5호  ",카드,30000,,
15805,101132,2025-09-26,셋팅20호,카드,100000,,
15806,102146,2025-09-26,기본펌5호,카드,40000,,
15807,101134,2025-09-27,뿌염SB7,송금,30000,,
15808,102221,2025-09-27,"전체염색V,RR7,레드",카드,50000,,
15809,102222,2025-09-27,와이프펌5호(4만) 남편5호,카드,70000,,
15810,100051,2025-09-29,뿌염SB7,현금,30000,,
15811,102189,2025-09-29,"파마3,4호",카드,30000,,
15812,100052,2025-09-30,뿌염B5,현금,30000,,
15813,102195,2025-10-01,뿌염B5,카드,30000,,
15814,102223,2025-10-02,"기본펌7,8호",카드,30000,,
15815,102224,2025-10-02,"히피펌6호(현금4,카드2)",현금,60000,,
15816,102225,2025-10-02,매직(C컬),현금,80000,,
15817,100091,2025-10-03,뿌염SB7,카드,25000,,
15818,102226,2025-10-03,파마5호,현금,30000,판매01(15),
15819,102157,2025-10-04,"남편컷 ",카드,10000,,
15820,102184,2025-10-04,헤어컷,송금,10000,,
15821,102183,2025-10-09,뿌염B6,카드,30000,,
15822,100030,2025-10-10,뿌염SB7,송금,30000,,
15823,102227,2025-10-10,"셋팅C,S(18,20)",카드,120000,,
15824,100064,2025-10-11,파마8호,현금,30000,,
15825,102145,2025-10-13,뿌염SB7+영,카드,40000,,
15826,102186,2025-10-14,"전체매직+숱+곱(14) 뿌염G7 ",카드,170000,,
15827,100121,2025-10-14,뿌리매직+2,카드,100000,,
15828,102178,2025-10-15,"파마6,7호",송금,30000,,
15829,102162,2025-10-16,뿌염SB7+영,카드,40000,,
15830,100063,2025-10-17,뿌리매직,송금,70000,,
15831,102205,2025-10-17,유니온(빨강),현금,30000,,
15832,102170,2025-10-18,전체염색SB4,카드,40000,,
15833,100043,2025-10-18,셋팅18호,카드,100000,,
15834,100074,2025-10-20,뿌염B5,카드,30000,,
15835,102140,2025-10-21,파마5호,카드,30000,,
15836,100068,2025-10-22,뿌염SB7,카드,30000,,
15837,102228,2025-10-24,"셋팅18,16",카드,70000,다음엔16호(잘안나오는머리),
15838,100046,2025-10-27,"엄마,딸G7",카드,60000,,
15839,102229,2025-10-27,"파마3,4호+기장",카드,50000,,
15840,102230,2025-10-28,파마5호,현금,30000,,
15841,102231,2025-10-28,파마5호+영,카드,40000,,
15842,102168,2025-10-28,"뿌염G7+기장 ",카드,50000,,
15843,100080,2025-10-29,뿌리매직,카드,70000,다음부터+10,
15844,100067,2025-10-30,파마7호,현금,40000,,
15845,102232,2025-11-01,파마6호+기장 아들컷,현금,50000,,
15846,100084,2025-11-03,뿌염SB7,현금,30000,,
15847,100091,2025-11-04,"뿌염SB7  ",카드,25000,,
15848,102233,2025-11-04,뿌염B6,카드,30000,,
15849,102219,2025-11-05,뿌염SB7,카드,30000,,
15850,102234,2025-11-05,"파마7,8호(뿌리심)",현금,30000,뿌리추가+,
15851,100052,2025-11-05,뿌염SB7,현금,30000,,
15852,100064,2025-11-06,뿌염SB6,현금,30000,,
15853,102147,2025-11-06,파마6호+기장,카드,40000,,
15854,102214,2025-11-06,"파마5,6호",카드,30000,,
15855,102235,2025-11-06,"파마4호+기장 ",카드,50000,,
15856,102175,2025-11-07,뿌염B6,카드,30000,,
15857,102199,2025-11-08,"파마7,8호",현금,30000,,
15858,102179,2025-11-08,"셋팅펌18,16호",카드,80000,,
15859,102219,2025-11-10,파마5호,송금,40000,,
15860,101132,2025-11-12,전체매직,송금,100000,"+추가 ",
15861,102171,2025-11-13,파마(유니온)빨강,현금,30000,,
15862,102144,2025-11-14,"셋팅18,20",송금,90000,,
15863,100030,2025-11-14,뿌염SB7,현금,30000,,
15864,102161,2025-11-15,"파마5호+ ",현금,30000,,
15865,102137,2025-11-15,뿌염G7,송금,30000,,
15866,102195,2025-11-15,뿌염B5,카드,30000,,
15867,100111,2025-11-17,뿌염매직,송금,70000,"다음부터+1만  ",
15868,102162,2025-11-18,뿌염+영SB7,카드,40000,노워시(20),
15869,100091,2025-11-18,"셋팅+뿌12,14호",카드,70000,,
15870,102236,2025-11-19,뿌염B5,카드,30000,점점밝게,
15871,102237,2025-11-19,파마5호,카드,30000,,
15872,102144,2025-11-20,뿌염G7,송금,40000,"칼라가 안나오는머리 ",
15873,101127,2025-11-21,매직+영,현금,100000,다음+(2만),
15874,102183,2025-11-21,뿌염B6,송금,30000,,
15875,101133,2025-11-22,파마5호,카드,30000,,
15876,100052,2025-11-24,"셋팅펌16,14",현금,70000,앞머리 뒤로말아줌,
15878,100051,2025-11-24,뿌염SB7,현금,30000,,
15879,100105,2025-11-25,파마6호,송금,30000,,
15880,100080,2025-11-26,뿌염B6,카드,30000,,
15881,102153,2025-11-26,"파마+영 사,탑5호 뒤6호",카드,40000,,
15882,102176,2025-11-26,파마2호,카드,60000,,
15883,100121,2025-11-27,"뿌염(반정도)B6,8",카드,60000,,
15884,100122,2025-11-28,파마3.4호 (하나언니엄마),카드,30000,,
15885,100112,2025-11-29,파마6호,송금,30000,,
15886,100083,2025-11-29,셋팅12호,송금,70000,오른쪽부터말기,
15887,101134,2025-11-29,파마3.4호+(숱),송금,40000,,
15888,102238,2025-11-29,남파마4호,현금,30000,,
15889,102145,2025-12-01,뿌염SB7+영,현금,40000,,
15890,101128,2025-10-27,파마8호,카드,30000,,
15891,100110,2025-12-02,뿌염(반)CR7=B6,카드,40000,흰머리100%카바,
15892,102160,2025-12-02,파마2호,카드,40000,,
15893,102239,2025-12-03,"엄마파마5호 1,2딸컷",현금,50000,,
15894,102159,2025-12-03,파마2호,송금,30000,,
15895,102214,2025-12-04,파마7호,카드,30000,,
15896,100052,2025-12-04,전체염색B5,현금,40000,,
15897,100102,2025-12-05,뿌염B5,송금,30000,,
15898,100101,2025-12-05,뿌염B5,송금,30000,,
15899,102240,2025-12-05,뿌염SB7,현금,30000,,
15900,102175,2025-12-06,뿌염B6,송금,30000,,
15901,102195,2025-12-06,"셋팅펌12,14",카드,70000,,
15902,100068,2025-12-06,뿌염SB7+영,카드,40000,,
15903,102241,2025-12-06,염색G7,카드,30000,,
15904,102241,2025-12-08,와이프히피빨(유니온)+추가,카드,50000,,
15905,102241,2025-12-09,뿌염SB7,카드,25000,,
15906,100044,2025-12-10,언니매직(10) 엄마파마9호,송금,130000,다른데서매직안나와서7시간함 난잘햇다ㅋㅋ(+30),
15907,102242,2025-12-08,염색SB5,송금,30000,,
15908,102243,2025-07-11,염색SB4,송금,30000,,
15909,102243,2025-08-23,염색SB4,송금,30000,,
15910,102243,2025-09-27,염색SB4,송금,30000,,
15911,102243,2025-11-15,염색SB4,송금,30000,,
15912,102207,2025-12-11,파마8호(그린),카드,30000,,
15913,100064,2025-12-11,"파마8(그린,보라)",현금,30000,,
15914,102185,2025-12-10,딸전체염색블랙(피스),카드,140000,,
15915,102217,2025-12-12,파마8호+영,현금,40000,,
15916,101131,2025-12-12,파마6호+기장,송금,60000,,
15917,100084,2025-12-13,뿌염SB7,현금,30000,,
15918,100108,2025-12-13,파마5호,현금,30000,,
15919,102189,2025-12-16,뿌염SB4,송금,30000,,
15920,100063,2025-12-16,뿌염B6,송금,30000,,
15921,100049,2025-12-17,파마+뿌1호,송금,40000,,
15922,102162,2025-12-18,뿌염SB7+영,카드,40000,,
15923,102244,2025-12-19,파마5호,현금,30000,,
15924,100088,2025-12-19,파마6호,현금,40000,,
15925,100103,2025-12-19,파마6호,송금,40000,01컬로션(15),
15926,100109,2025-12-20,염색SB7,송금,30000,,
15927,100049,2025-12-20,매직(반),카드,80000,,
15928,102168,2025-12-22,뿌염G7,송금,50000,,
15929,100086,2025-12-23,"파마1,2호+뿌리",송금,40000,,
15930,100110,2025-12-23,파마5호(그린),현금,30000,,
15931,102233,2025-12-23,뿌염B6,카드,30000,,
15932,100064,2025-12-24,뿌염SB5,현금,30000,,
15933,102190,2025-12-24,파마5호(그린)+영,카드,40000,,
15934,100030,2025-12-24,뿌염SB7,송금,30000,,
15935,102137,2025-12-25,"뿌염G7,남편컷",카드,40000,,
15936,100063,2025-12-25,C컬매직,송금,70000,,
15937,102243,2025-12-25,염색SB4,송금,30000,,
15938,102230,2025-12-26,컷,현금,10000,,
15939,102177,2025-12-26,"셋팅16,14호",송금,80000,엄마,
15940,102183,2025-12-27,뿌염B6,송금,30000,,
15941,102245,2025-12-27,파마6호,카드,30000,쌍둥이아빠,
15942,100074,2025-12-29,뿌염B5,카드,30000,,
15943,100051,2025-12-29,뿌염SB7,현금,30000,,
15944,100043,2025-12-29,아들파마5호,카드,30000,,
15945,100124,2025-12-29,엄마파마5호,카드,60000,,
15946,102225,2026-01-01,부산딸매직,송금,80000,,
15947,102185,2026-01-02,"파마3,4호+영",카드,40000,,
15948,102144,2026-01-02,뿌염G7,송금,40000,,
15949,102153,2026-01-02,파마+영사이드5호뒤6호,카드,40000,,
15950,102178,2026-01-03,파마6호,현금,30000,,
15951,100106,2026-01-03,컷,현금,10000,,
15952,102198,2026-01-05,뿌염B6,카드,30000,,
15953,102175,2026-01-05,뿌염B6,송금,30000,,
15954,102236,2026-01-06,뿌염B6,카드,30000,,
15955,102246,2026-01-06,파마9호(그린),송금,40000,,
15956,102247,2026-01-06,"셋팅18,16",송금,40000,"소개(셋팅이안나와) 일반파마3,4호",
15957,102247,2026-01-07,뿌염B5,현금,30000,01판매(15),
15958,100078,2026-01-09,뿌염SB4,현금,30000,,
15959,102246,2026-01-09,전체염색SB7,송금,40000,,
15960,100047,2026-01-09,파마7호,현금,30000,,
15961,100085,2026-01-13,뿌염B6,카드,30000,다음부터(40),
15962,102241,2026-01-14,아들멋내기(염)B8,카드,45000,마음에들어함,
15963,102144,2026-01-14,남편파마5호,송금,30000,,
15964,102218,2026-01-15,파마2호,현금,60000,,
15965,100046,2026-01-15,"엄마,딸뿌염G7",송금,80000,,
15966,102195,2026-01-15,뿌염B5,송금,30000,,
15967,102145,2026-01-16,뿌염+영B6,송금,40000,,
15968,100083,2026-01-17,아들파마5호,송금,30000,,
15969,102240,2026-01-20,뿌염SB7,송금,30000,,
15970,102189,2026-01-20,파마5호,송금,30000,,
15971,100091,2026-01-22,뿌염SB7,카드,25000,,
15972,102219,2026-01-22,뿌염SB7,송금,30000,다음+5,
15973,100080,2026-01-22,뿌염B6,카드,30000,다음+5,
15974,102187,2026-01-23,파마9호(그린),카드,35000,,
15975,102144,2026-01-23,뿌염B6,송금,40000,,
